id_number,specialization,shift_type,department_number
951308841,Networked hybrid functionalities,night,13
556944619,Diverse 4th generation infrastructure,night,32
905210890,Up-sized encompassing instruction set,day,9
685693187,Centralized cohesive contingency,day,96
355518275,Implemented mobile paradigm,night,48
690999812,Customizable real-time core,night,69
572428870,Polarised intermediate extranet,day,23
377178008,Reverse-engineered uniform data-warehouse,night,93
9955676,Customizable transitional firmware,night,61
432988112,Grass-roots web-enabled encryption,day,76
23233577,Enhanced 24/7 task-force,day,16
655297976,Progressive zero tolerance synergy,day,33
16595030,Cross-group systematic approach,day,4
418590525,Intuitive impactful help-desk,night,7
114639314,Multi-layered static collaboration,day,10
777309245,Compatible fresh-thinking methodology,night,10
442065685,Face to face fresh-thinking capacity,day,8
597799175,Optimized web-enabled secured line,night,2
696030547,Public-key national infrastructure,day,5
715513161,Persevering tangible monitoring,day,85
240315758,Pre-emptive systematic moderator,night,54
696844430,Devolved multi-tasking hierarchy,night,90
871588165,Proactive real-time standardization,day,31
297280744,Extended discrete structure,night,86
114512262,Multi-tiered logistical installation,day,72
512208165,Business-focused value-added paradigm,day,29
720694240,Progressive value-added structure,night,19
501911381,Multi-layered web-enabled moderator,night,94
511009464,Optional optimal superstructure,night,21
958915878,Devolved 6th generation encoding,day,36
191042409,Mandatory executive encoding,night,17
646705798,Face to face zero tolerance synergy,night,84
969174273,Devolved holistic core,day,64
291285237,Multi-channelled asynchronous interface,night,5
372889490,Enterprise-wide methodical middleware,night,82
650278722,Implemented systemic policy,night,26
452149422,Configurable didactic conglomeration,day,12
384936340,Profound optimal middleware,day,68
397374856,Phased next generation application,day,84
498562736,Future-proofed clear-thinking firmware,day,39
425324585,Synergistic 4th generation benchmark,night,93
410806769,Diverse next generation success,night,18
796418068,Front-line interactive process improvement,day,74
348335479,Exclusive needs-based framework,day,90
36639767,Future-proofed 4th generation array,night,99
252916150,Progressive coherent function,night,97
625565488,Operative maximized internet solution,night,4
979824245,Switchable asymmetric process improvement,day,9
195466228,Configurable system-worthy initiative,night,6
275999006,Exclusive 5th generation projection,night,67
282738587,User-centric transitional hub,night,18
672292131,Focused empowering firmware,day,28
791861596,Public-key bottom-line complexity,night,34
266455852,Enhanced fault-tolerant installation,day,36
454526167,Streamlined transitional Graphic Interface,day,83
510793459,Inverse static structure,night,95
316109471,Proactive multi-tasking encoding,day,83
605070887,Team-oriented mission-critical access,night,67
443953141,Horizontal didactic portal,night,93
491748097,Open-architected 24/7 groupware,night,18
103820939,Re-contextualized transitional system engine,night,27
565437581,Exclusive fault-tolerant hierarchy,day,26
560250371,Future-proofed national strategy,day,12
794562734,Reactive mission-critical parallelism,day,47
627074711,Re-engineered regional function,day,36
434213558,Self-enabling global help-desk,day,53
251320838,Reduced optimizing throughput,night,7
158011562,Adaptive human-resource workforce,day,82
684491974,Mandatory responsive project,night,75
273980155,Distributed incremental orchestration,night,23
297019596,Total non-volatile encryption,day,45
491404055,Open-architected bandwidth-monitored monitoring,night,56
989623269,Re-contextualized incremental strategy,night,43
973093652,Fundamental interactive collaboration,night,51
326243749,Horizontal composite standardization,day,77
968445241,Proactive mission-critical data-warehouse,night,72
727426208,Persistent 24/7 budgetary management,night,8
153760926,Visionary optimal function,day,24
735130997,Virtual tertiary software,night,18
631124025,Reactive cohesive secured line,night,44
262305060,Digitized systematic frame,night,23
457261793,Progressive clear-thinking architecture,day,51
263098272,Phased object-oriented encoding,night,42
848360444,Reduced background service-desk,night,20
950747566,Triple-buffered foreground internet solution,day,84
818253844,Triple-buffered intermediate standardization,night,53
452771414,Re-engineered tertiary definition,day,48
762122865,Centralized encompassing Graphic Interface,day,44
117896298,Centralized systematic functionalities,night,69
662508701,Persistent mission-critical model,day,38
578775857,Proactive actuating support,day,97
351823102,Optional multi-tasking contingency,day,82
264786699,Cross-platform leading edge synergy,night,76
250239474,Business-focused fresh-thinking projection,night,45
767893852,Seamless regional knowledge user,day,78
724682094,Synchronised background system engine,day,14
303936143,Quality-focused radical challenge,night,46
316029782,Reactive 3rd generation synergy,night,71
502836559,Object-based background artificial intelligence,day,84
120659878,Self-enabling global data-warehouse,day,65
288983289,Re-engineered bandwidth-monitored monitoring,night,42
455705057,Enterprise-wide 5th generation hub,day,2
646197685,Ameliorated needs-based collaboration,night,57
678847421,User-centric holistic solution,night,8
353457164,Assimilated value-added paradigm,night,17
254789599,Synergistic asymmetric encryption,day,77
269348398,Reverse-engineered optimal concept,day,14
281895850,Profit-focused holistic forecast,night,73
290039867,Assimilated encompassing definition,night,43
320067392,De-engineered scalable contingency,night,3
987940103,Up-sized 3rd generation capacity,day,94
48629856,Configurable foreground implementation,night,94
558619479,Diverse tertiary help-desk,night,78
677164210,Customer-focused eco-centric protocol,night,96
961968822,Networked user-facing instruction set,day,74
497662026,Operative zero tolerance conglomeration,night,45
754532901,Front-line asymmetric monitoring,day,96
416415481,Reduced intermediate workforce,night,18
917568682,Cross-group asymmetric time-frame,day,70
147436143,Triple-buffered bottom-line intranet,night,43
731990807,Open-source optimizing adapter,night,95
78290754,Multi-tiered intermediate customer loyalty,night,80
68935519,Organic even-keeled circuit,day,14
270206777,Distributed optimal attitude,day,32
886298799,De-engineered asymmetric hardware,night,77
537353971,Organized multi-tasking alliance,day,27
605787062,Face to face homogeneous architecture,night,34
48889446,Optimized bandwidth-monitored emulation,night,42
256957550,Vision-oriented intermediate circuit,night,59
764130356,Horizontal asynchronous capability,day,60
477966420,User-friendly transitional internet solution,night,60
515420780,Horizontal disintermediate archive,day,14
177144597,Robust homogeneous definition,night,14
220767596,Proactive full-range paradigm,day,40
93200454,Multi-channelled multimedia functionalities,night,39
721506696,Optimized asymmetric protocol,night,24
95160288,Profound full-range array,night,77
852291133,Upgradable non-volatile toolset,night,62
52798183,Multi-channelled logistical definition,day,44
248543101,Configurable multi-state moderator,day,25
834185361,Adaptive tangible open architecture,day,2
83857247,Pre-emptive fresh-thinking throughput,day,48
159715817,Cross-platform explicit software,day,50
790289455,Enhanced 24/7 leverage,night,15
533857757,Diverse explicit matrix,day,8
102891735,Optional 3rd generation flexibility,day,79
189509315,Proactive empowering customer loyalty,day,88
777666471,Fundamental radical complexity,day,76
120765029,Devolved bottom-line conglomeration,night,80
325925804,Balanced incremental core,night,10
601228657,Mandatory needs-based interface,night,17
506431182,Right-sized static hierarchy,night,10
454232859,Ergonomic value-added conglomeration,day,96
588400392,Configurable foreground task-force,night,93
830178016,Fully-configurable motivating attitude,day,99
676399782,Grass-roots regional forecast,day,42
720762480,Assimilated multi-tasking attitude,day,63
398134177,Inverse heuristic local area network,day,34
54962924,Triple-buffered well-modulated application,day,31
878180163,Enterprise-wide systemic middleware,night,20
256399714,Vision-oriented static collaboration,night,80
724326080,Innovative systematic solution,day,89
762323383,Switchable needs-based synergy,night,24
71360113,Networked explicit hardware,day,43
995950397,Enterprise-wide mission-critical data-warehouse,day,95
484962060,Progressive zero tolerance knowledge user,day,76
977484807,Decentralized radical flexibility,night,27
969171457,Reactive tertiary protocol,night,32
309177026,Cloned scalable projection,night,33
523490739,Reactive clear-thinking interface,night,30
563344039,User-friendly logistical access,day,56
673179407,Multi-lateral neutral implementation,night,55
560800442,Customer-focused fresh-thinking task-force,day,18
956130202,Seamless maximized analyzer,night,86
399975650,Vision-oriented empowering framework,day,89
630540253,Synergized non-volatile intranet,night,45
945638121,Networked maximized leverage,day,75
732895849,Operative grid-enabled capacity,night,35
571331910,Networked tangible model,day,68
637619479,Digitized mobile framework,day,34
105383099,Enterprise-wide bifurcated implementation,day,2
629214736,Multi-channelled clear-thinking function,night,73
415114564,Enhanced 24 hour initiative,day,24
116751453,Horizontal discrete conglomeration,night,27
924506625,Operative multi-state intranet,night,45
604854462,Polarised optimizing throughput,day,82
212248039,Advanced optimizing success,day,72
401911095,Operative demand-driven success,day,89
614150741,Ameliorated upward-trending help-desk,night,7
664863057,Seamless maximized productivity,night,41
408728062,Distributed 3rd generation encoding,night,45
827485113,Grass-roots hybrid encryption,night,6
940434111,Upgradable stable protocol,day,44
429710231,Stand-alone holistic function,day,46
966213559,Monitored responsive data-warehouse,night,56
685971668,Integrated object-oriented capacity,day,73
484957058,Extended real-time superstructure,night,80
406586980,Operative optimizing capacity,night,54
478823934,Virtual dynamic success,day,19
75274701,Advanced scalable firmware,night,58
7611223,Reverse-engineered secondary matrices,night,5
323994824,Open-architected exuding migration,night,38
796978319,Upgradable non-volatile time-frame,night,11
491548716,Front-line contextually-based encoding,night,47
944883125,Ergonomic next generation adapter,day,98
338679349,Optional coherent capacity,night,37
236578520,Cloned user-facing database,day,100
276425571,Cross-platform mission-critical help-desk,day,37
260709922,Multi-tiered bandwidth-monitored success,night,34
669092693,Visionary 24 hour matrices,day,17
589883717,Optional uniform flexibility,day,73
563850309,Profound human-resource matrix,night,63
31662405,Mandatory user-facing parallelism,day,57
885610183,Diverse 4th generation definition,day,57
351616627,Future-proofed 24 hour emulation,day,44
767915561,Optimized 24 hour orchestration,day,44
981731162,Profound intermediate policy,day,90
948331578,Cross-group 24/7 interface,day,63
271994382,Up-sized homogeneous adapter,night,41
184614585,Horizontal transitional approach,day,13
29351512,Re-contextualized leading edge conglomeration,night,38
181278948,Front-line clear-thinking paradigm,night,70
886101710,Team-oriented eco-centric initiative,day,95
235637368,Reduced tertiary encoding,night,60
129718459,Reactive homogeneous success,day,11
1318589,Horizontal system-worthy success,night,93
82726327,Cloned explicit forecast,night,19
634297699,Object-based human-resource time-frame,day,15
320763954,Configurable asynchronous superstructure,day,100
316509877,Grass-roots stable moderator,night,98
365123118,Implemented coherent emulation,day,91
522815774,Up-sized next generation open system,day,13
584356063,Visionary client-driven frame,day,79
320412580,Versatile stable open system,day,1
647987674,Monitored user-facing contingency,day,47
359992481,Future-proofed composite service-desk,night,10
312182808,Advanced directional concept,day,7
29148398,Distributed well-modulated workforce,night,54
440520247,Synergistic regional infrastructure,night,33
503611751,Vision-oriented eco-centric model,day,39
631556122,Intuitive hybrid service-desk,night,4
321046457,Grass-roots 5th generation complexity,day,55
523788257,Horizontal holistic paradigm,night,66
483933956,Extended background archive,night,27
662800320,Virtual foreground attitude,night,30
705918990,Horizontal radical interface,day,40
830729827,Seamless 4th generation methodology,day,43
239792665,Grass-roots mission-critical help-desk,night,59
301098231,Advanced background customer loyalty,night,92
873523688,Implemented local algorithm,night,80
232986373,Down-sized motivating model,day,54
208926740,Customizable bifurcated encoding,night,77
754927059,Distributed context-sensitive concept,day,31
385139046,Synchronised context-sensitive customer loyalty,day,63
199028700,Synergistic composite capacity,night,95
367296024,Fundamental zero tolerance collaboration,day,90
364637863,Team-oriented national adapter,day,14
994191941,Optional responsive encoding,night,39
851678274,Horizontal context-sensitive attitude,day,26
131972700,Object-based next generation migration,night,25
245965063,Configurable human-resource extranet,night,3
145303760,Visionary eco-centric frame,day,97
944664825,Phased solution-oriented secured line,day,86
961676191,Function-based exuding methodology,night,53
264918397,Function-based leading edge open system,day,20
695811601,Function-based uniform alliance,day,37
658839364,Open-architected optimal capability,day,75
40689201,Self-enabling modular attitude,day,21
611217353,Synergized eco-centric application,day,22
436419950,Fundamental local open architecture,day,95
399588157,Team-oriented bottom-line paradigm,night,19
256678902,Decentralized local website,night,21
439785299,Seamless zero administration definition,night,99
51986216,Networked multi-tasking implementation,night,7
119304352,Cloned stable policy,day,42
235132438,Seamless heuristic analyzer,night,39
653484857,Focused context-sensitive throughput,day,9
48156025,Programmable bifurcated middleware,day,87
51259587,Front-line stable solution,day,30
343062344,Synergized zero administration array,day,55
104614512,Profound bi-directional core,night,81
811963473,Reverse-engineered transitional algorithm,night,40
805916862,Future-proofed didactic framework,night,52
75098009,Assimilated eco-centric firmware,day,1
19224440,Enterprise-wide actuating conglomeration,night,36
954908799,Multi-tiered discrete infrastructure,day,47
699375490,Grass-roots mission-critical system engine,day,96
135966803,Organized analyzing process improvement,night,32
144530622,Organic global adapter,day,1
75332902,Digitized clear-thinking budgetary management,night,42
617027978,Open-source motivating process improvement,day,90
654669738,Visionary intangible strategy,day,35
582697137,Balanced foreground instruction set,day,58
952241063,Cross-group zero administration artificial intelligence,night,69
161238259,Multi-channelled tertiary firmware,night,17
728898239,Expanded asymmetric architecture,night,89
651266013,Quality-focused mobile concept,day,30
683660953,Networked human-resource info-mediaries,night,27
925594582,Optional system-worthy approach,night,85
462866727,Balanced tangible challenge,night,53
977115838,Configurable non-volatile parallelism,night,52
783657761,Total actuating analyzer,day,53
157124583,Synergistic high-level complexity,day,44
895152183,Programmable directional matrix,day,19
758123676,Persistent analyzing definition,day,1
371959453,Future-proofed well-modulated infrastructure,day,23
393211634,Persevering bi-directional data-warehouse,night,46
885381480,Programmable disintermediate infrastructure,day,30
266060634,Reactive modular archive,day,45
337469789,Open-architected national system engine,day,38
204547025,Realigned radical emulation,day,74
370058723,Extended maximized protocol,night,72
428855412,Proactive bi-directional installation,day,89
719927297,Innovative discrete project,night,84
271629369,Grass-roots secondary attitude,day,83
416258111,Inverse asymmetric hierarchy,night,18
160928250,Digitized exuding paradigm,night,13
311878721,Open-architected 4th generation projection,day,23
420667104,Cloned actuating model,day,2
574160198,Customer-focused 6th generation core,night,62
7637888,Fully-configurable contextually-based time-frame,day,83
120784106,Networked exuding alliance,day,24
932658722,De-engineered zero administration artificial intelligence,night,73
614140679,Front-line 3rd generation neural-net,night,21
861694141,Automated multi-state matrix,day,57
643568623,Mandatory value-added internet solution,day,73
220470040,Innovative neutral toolset,night,25
130595066,Programmable contextually-based matrices,night,92
391809055,Re-engineered grid-enabled access,night,22
448229932,Ergonomic global encoding,day,44
278190259,Automated eco-centric emulation,night,92
39404276,Right-sized leading edge application,night,19
950912477,Open-architected context-sensitive array,night,23
216624276,Open-source well-modulated archive,night,57
316559115,Optimized high-level system engine,day,22
533101215,Multi-channelled explicit archive,night,10
396683452,Multi-lateral exuding middleware,day,10
971242502,User-centric tertiary implementation,day,90
226748639,Organized web-enabled analyzer,day,34
186127423,Open-source 5th generation architecture,night,82
744113083,Managed hybrid methodology,night,36
223840340,Exclusive content-based alliance,day,9
358808725,Networked 4th generation synergy,night,96
116556123,Centralized impactful benchmark,day,60
69805396,Triple-buffered secondary workforce,day,86
696212058,Implemented secondary ability,night,55
754081554,Reduced radical array,night,72
159288937,Monitored bifurcated function,night,57
240185478,Up-sized interactive pricing structure,day,45
777531034,Phased reciprocal protocol,day,64
401453910,Customizable non-volatile internet solution,night,96
324374313,Re-contextualized transitional project,day,60
702335586,Intuitive 4th generation matrices,day,47
51375486,Networked stable capacity,day,17
624950301,Upgradable local artificial intelligence,night,62
731586585,Visionary methodical encoding,night,42
816895966,Customer-focused content-based data-warehouse,day,23
606206291,Programmable content-based open system,night,33
236305360,Re-contextualized content-based flexibility,night,86
423970262,Balanced intangible approach,night,34
544657882,Open-architected non-volatile system engine,night,22
377675567,Organic uniform local area network,night,93
844037393,Organized foreground artificial intelligence,day,8
58377538,Multi-lateral scalable definition,day,7
353534950,User-centric foreground open system,day,9
717935012,Re-engineered multimedia capacity,day,80
460689155,Pre-emptive 3rd generation workforce,night,70
204871125,Grass-roots leading edge infrastructure,night,43
400784468,Vision-oriented regional solution,night,44
687084573,Upgradable logistical instruction set,day,95
386233896,Secured 5th generation moderator,night,3
146001764,Intuitive client-driven support,day,93
865619071,Implemented asymmetric emulation,day,4
393253949,Grass-roots foreground definition,night,50
47988523,Configurable encompassing circuit,night,20
972336296,Multi-channelled fault-tolerant budgetary management,day,8
864285533,Innovative solution-oriented interface,night,33
96089641,Optimized local strategy,night,33
604661820,Enterprise-wide contextually-based strategy,day,42
969959695,Right-sized logistical contingency,day,66
976695730,Profound contextually-based local area network,night,74
673861904,Expanded empowering knowledge user,night,15
847728775,Networked empowering moratorium,night,39
761190264,User-centric full-range protocol,night,8
112936862,Public-key regional architecture,day,23
568087678,Implemented optimizing knowledge base,day,10
305062534,Sharable multi-tasking analyzer,day,29
931123794,Visionary 24 hour functionalities,day,99
376690460,Switchable zero defect database,day,9
572881013,Devolved value-added attitude,night,95
724169472,User-friendly dynamic orchestration,night,12
679906405,Optional neutral system engine,night,26
371008910,Upgradable 3rd generation open system,day,97
173955839,Networked upward-trending utilisation,night,59
656958707,Self-enabling even-keeled budgetary management,day,31
260371853,Ergonomic incremental budgetary management,night,84
306886371,Proactive logistical infrastructure,day,17
103478442,Robust analyzing migration,day,44
684807629,Decentralized context-sensitive task-force,night,15
870188525,Switchable demand-driven moratorium,day,28
